;price ;dividend ;earnings ;cpi;rates;;;;
janv-60;53.73;1.95;3.27;29.80;3.89;;;;
févr-60;55.47;1.95;3.27;29.80;3.93;;;;
mars-60;56.80;1.95;3.27;29.80;3.84;;;;
avr-60;59.72;1.95;3.21;29.80;3.84;;;;
mai-60;62.17;1.94;3.15;29.80;3.78;;;;
juin-60;64.12;1.94;3.09;29.80;3.74;;;;
juil-60;65.83;1.94;3.07;29.80;3.78;;;;
août-60;66.50;1.94;3.05;29.80;3.71;;;;
sept-60;65.62;1.94;3.03;29.80;3.88;;;;
oct-60;65.44;1.95;3.04;30.00;3.92;;;;
nov-60;67.79;1.95;3.04;29.90;4.04;;;;
déc-60;67.26;1.96;3.05;30.00;3.98;;;;
janv-61;68.00;1.98;3.10;30.00;3.92;;;;
févr-61;71.08;2.00;3.14;30.00;3.94;;;;
mars-61;71.74;2.02;3.19;30.00;4.06;;;;
avr-61;69.07;2.03;3.25;30.00;4.08;;;;
mai-61;70.22;2.03;3.31;30.10;4.04;;;;
juin-61;70.29;2.04;3.37;30.10;3.93;;;;
juil-61;68.05;2.05;3.40;30.20;3.84;;;;
août-61;62.99;2.05;3.44;30.20;3.87;;;;
sept-61;55.63;2.06;3.47;30.20;3.91;;;;
oct-61;56.97;2.07;3.49;30.30;4.01;;;;
nov-61;58.52;2.07;3.51;30.30;3.98;;;;
déc-61;58.00;2.08;3.53;30.40;3.98;;;;
janv-62;56.17;2.10;3.58;30.40;3.93;;;;
févr-62;60.04;2.11;3.62;30.40;3.92;;;;
mars-62;62.64;2.13;3.67;30.40;3.86;;;;
avr-62;65.06;2.14;3.68;30.40;3.83;;;;
mai-62;65.92;2.14;3.70;30.40;3.92;;;;
juin-62;65.67;2.15;3.71;30.50;3.93;;;;
juil-62;68.76;2.17;3.75;30.50;3.97;;;;
août-62;70.14;2.18;3.80;30.50;3.93;;;;
sept-62;70.11;2.20;3.84;30.60;3.99;;;;
oct-62;69.07;2.20;3.88;30.70;4.02;;;;
nov-62;70.98;2.21;3.92;30.70;4.00;;;;
déc-62;72.85;2.21;3.96;30.70;4.08;;;;
janv-63;73.03;2.23;3.98;30.80;4.11;;;;
févr-63;72.62;2.26;4.00;30.80;4.12;;;;
mars-63;74.17;2.28;4.02;30.90;4.13;;;;
avr-63;76.45;2.30;4.07;30.90;4.17;;;;
mai-63;77.39;2.31;4.13;30.90;4.15;;;;
juin-63;78.80;2.33;4.18;30.90;4.22;;;;
juil-63;79.94;2.35;4.23;30.90;4.23;;;;
août-63;80.72;2.36;4.28;30.90;4.20;;;;
sept-63;80.24;2.38;4.33;31.00;4.17;;;;
oct-63;83.22;2.40;4.38;31.10;4.19;;;;
nov-63;82.00;2.42;4.42;31.00;4.19;;;;
déc-63;83.41;2.44;4.47;31.10;4.20;;;;
janv-64;84.85;2.46;4.50;31.10;4.19;;;;
févr-64;85.44;2.48;4.52;31.20;4.15;;;;
mars-64;83.96;2.50;4.55;31.20;4.18;;;;
avr-64;86.12;2.52;4.59;31.20;4.19;;;;
mai-64;86.75;2.53;4.64;31.20;4.21;;;;
juin-64;86.83;2.55;4.68;31.30;4.21;;;;
juil-64;87.97;2.57;4.73;31.40;4.20;;;;
août-64;89.28;2.59;4.79;31.40;4.21;;;;
sept-64;85.04;2.61;4.84;31.60;4.21;;;;
oct-64;84.91;2.63;4.89;31.60;4.20;;;;
nov-64;86.49;2.64;4.93;31.60;4.25;;;;
déc-64;89.38;2.66;4.98;31.60;4.29;;;;
janv-65;91.39;2.68;5.05;31.70;4.35;;;;
févr-65;92.15;2.70;5.12;31.70;4.45;;;;
mars-65;91.73;2.72;5.19;31.80;4.62;;;;
avr-65;93.32;2.74;5.24;31.80;4.61;;;;
mai-65;92.69;2.76;5.29;32.00;4.83;;;;
juin-65;88.88;2.78;5.34;32.10;4.87;;;;
juil-65;91.60;2.80;5.38;32.30;4.75;;;;
août-65;86.78;2.81;5.42;32.30;4.78;;;;
sept-65;86.06;2.83;5.46;32.40;4.81;;;;
oct-65;85.84;2.85;5.48;32.50;5.02;;;;
nov-65;80.65;2.87;5.49;32.70;5.22;;;;
déc-65;77.81;2.89;5.51;32.70;5.18;;;;
janv-66;77.13;2.88;5.52;32.90;5.01;;;;
févr-66;80.99;2.88;5.54;32.90;5.16;;;;
mars-66;81.33;2.87;5.55;32.90;4.84;;;;
avr-66;84.45;2.88;5.52;32.90;4.58;;;;
mai-66;87.36;2.89;5.48;32.90;4.63;;;;
juin-66;89.42;2.90;5.45;33.00;4.54;;;;
juil-66;90.96;2.90;5.41;33.10;4.59;;;;
août-66;92.59;2.90;5.37;33.20;4.85;;;;
sept-66;91.43;2.90;5.33;33.30;5.02;;;;
oct-66;93.01;2.91;5.32;33.40;5.16;;;;
nov-66;94.49;2.91;5.31;33.50;5.28;;;;
déc-66;95.81;2.92;5.30;33.60;5.30;;;;
janv-67;95.66;2.92;5.31;33.70;5.48;;;;
févr-67;92.66;2.92;5.32;33.80;5.75;;;;
mars-67;95.30;2.92;5.33;33.90;5.70;;;;
avr-67;95.04;2.93;5.37;34.10;5.53;;;;
mai-67;90.75;2.94;5.40;34.20;5.56;;;;
juin-67;89.09;2.95;5.44;34.30;5.74;;;;
juil-67;95.67;2.96;5.48;34.40;5.64;;;;
août-67;97.87;2.98;5.53;34.50;5.87;;;;
sept-67;100.50;2.99;5.57;34.70;5.72;;;;
oct-67;100.30;3.00;5.60;34.90;5.50;;;;
nov-67;98.11;3.02;5.63;35.00;5.42;;;;
déc-67;101.30;3.03;5.66;35.10;5.46;;;;
janv-68;103.80;3.04;5.69;35.30;5.58;;;;
févr-68;105.40;3.06;5.73;35.40;5.70;;;;
mars-68;106.50;3.07;5.76;35.50;6.03;;;;
avr-68;102.00;3.08;5.78;35.60;6.04;;;;
mai-68;101.50;3.09;5.80;35.80;6.19;;;;
juin-68;99.30;3.10;5.82;36.10;6.30;;;;
juil-68;101.30;3.11;5.83;36.30;6.17;;;;
août-68;104.60;3.12;5.83;36.40;6.32;;;;
sept-68;99.14;3.13;5.84;36.60;6.57;;;;
oct-68;94.71;3.14;5.86;36.80;6.72;;;;
nov-68;94.18;3.14;5.87;37.00;6.69;;;;
déc-68;94.51;3.15;5.89;37.10;7.16;;;;
janv-69;95.52;3.15;5.85;37.30;7.10;;;;
févr-69;96.21;3.16;5.82;37.50;7.14;;;;
mars-69;91.11;3.16;5.78;37.70;7.65;;;;
avr-69;90.31;3.16;5.73;37.80;7.79;;;;
mai-69;87.16;3.17;5.68;38.00;7.24;;;;
juin-69;88.65;3.17;5.63;38.20;7.07;;;;
juil-69;85.95;3.17;5.59;38.50;7.39;;;;
août-69;76.06;3.18;5.56;38.60;7.91;;;;
sept-69;75.59;3.18;5.52;38.80;7.84;;;;
oct-69;75.72;3.18;5.47;39.00;7.46;;;;
nov-69;77.92;3.19;5.41;39.00;7.53;;;;
déc-69;82.58;3.19;5.36;39.20;7.39;;;;
janv-70;84.37;3.17;5.28;39.40;7.33;;;;
févr-70;84.28;3.16;5.21;39.60;6.84;;;;
mars-70;90.05;3.14;5.13;39.80;6.39;;;;
avr-70;93.49;3.13;5.16;39.80;6.24;;;;
mai-70;97.11;3.12;5.19;39.90;6.11;;;;
juin-70;99.60;3.11;5.22;40.00;5.70;;;;
juil-70;103.00;3.11;5.25;40.10;5.83;;;;
août-70;101.60;3.10;5.29;40.30;6.39;;;;
sept-70;99.72;3.10;5.32;40.60;6.52;;;;
oct-70;99.00;3.10;5.36;40.70;6.73;;;;
nov-70;97.24;3.09;5.39;40.80;6.58;;;;
déc-70;99.40;3.09;5.43;40.80;6.14;;;;
janv-71;97.29;3.08;5.52;40.90;5.93;;;;
févr-71;92.78;3.08;5.61;40.90;5.81;;;;
mars-71;99.17;3.07;5.70;41.10;5.93;;;;
avr-71;103.30;3.07;5.74;41.10;5.95;;;;
mai-71;105.20;3.07;5.77;41.30;6.08;;;;
juin-71;107.70;3.07;5.81;41.40;6.07;;;;
juil-71;108.80;3.07;5.86;41.50;6.19;;;;
août-71;107.70;3.07;5.92;41.60;6.13;;;;
sept-71;108.00;3.07;5.97;41.70;6.11;;;;
oct-71;107.20;3.07;6.03;41.90;6.11;;;;
nov-71;111.00;3.08;6.08;42.00;6.21;;;;
déc-71;109.40;3.08;6.14;42.10;6.55;;;;
janv-72;109.60;3.10;6.23;42.30;6.48;;;;
févr-72;115.10;3.13;6.33;42.40;6.28;;;;
mars-72;117.50;3.15;6.42;42.50;6.36;;;;
avr-72;118.40;3.16;6.55;42.60;6.46;;;;
mai-72;114.20;3.16;6.67;42.90;6.64;;;;
juin-72;112.40;3.17;6.80;43.30;6.71;;;;
juil-72;110.30;3.19;6.94;43.60;6.67;;;;
août-72;107.20;3.20;7.09;43.90;6.85;;;;
sept-72;104.80;3.22;7.23;44.20;6.90;;;;
oct-72;105.80;3.24;7.38;44.30;7.13;;;;
nov-72;103.80;3.25;7.54;45.10;7.40;;;;
déc-72;105.60;3.27;7.69;45.20;7.09;;;;
janv-73;109.80;3.31;7.85;45.60;6.79;;;;
févr-73;102.00;3.34;8.00;45.90;6.73;;;;
mars-73;94.78;3.38;8.16;46.20;6.74;;;;
avr-73;96.11;3.40;8.23;46.60;6.99;;;;
mai-73;93.45;3.42;8.29;47.20;6.96;;;;
juin-73;97.44;3.44;8.36;47.80;7.21;;;;
juil-73;92.46;3.46;8.49;48.00;7.51;;;;
août-73;89.67;3.48;8.61;48.60;7.58;;;;
sept-73;89.79;3.50;8.74;49.00;7.54;;;;
oct-73;79.31;3.53;8.86;49.40;7.81;;;;
nov-73;76.03;3.56;8.99;50.00;8.04;;;;
déc-73;68.12;3.59;9.11;50.60;8.04;;;;
janv-74;69.44;3.59;9.04;51.10;7.90;;;;
févr-74;71.74;3.60;8.96;51.50;7.68;;;;
mars-74;67.07;3.60;8.89;51.90;7.43;;;;
avr-74;72.56;3.62;8.74;52.10;7.50;;;;
mai-74;80.10;3.65;8.60;52.50;7.39;;;;
juin-74;83.78;3.67;8.45;52.70;7.73;;;;
juil-74;84.72;3.68;8.29;52.90;8.23;;;;
août-74;90.10;3.70;8.12;53.20;8.06;;;;
sept-74;92.40;3.71;7.96;53.60;7.86;;;;
oct-74;92.49;3.71;7.89;54.20;8.06;;;;
nov-74;85.71;3.71;7.83;54.30;8.40;;;;
déc-74;84.67;3.71;7.76;54.60;8.43;;;;
janv-75;88.57;3.70;7.83;54.90;8.14;;;;
févr-75;90.07;3.69;7.89;55.30;8.05;;;;
mars-75;88.70;3.68;7.96;55.50;8.00;;;;
avr-75;96.86;3.68;8.19;55.60;7.74;;;;
mai-75;100.60;3.69;8.43;55.80;7.79;;;;
juin-75;101.10;3.69;8.66;55.90;7.73;;;;
juil-75;101.90;3.71;8.86;56.10;7.56;;;;
août-75;101.20;3.74;9.05;56.50;7.90;;;;
sept-75;101.80;3.76;9.25;56.80;7.86;;;;
oct-75;104.20;3.79;9.35;57.10;7.83;;;;
nov-75;103.30;3.82;9.45;57.40;7.77;;;;
déc-75;105.50;3.85;9.55;57.60;7.59;;;;
janv-76;101.90;3.92;9.67;57.90;7.41;;;;
févr-76;101.20;3.98;9.79;58.00;7.29;;;;
mars-76;104.70;4.05;9.91;58.20;6.87;;;;
avr-76;103.80;4.10;9.97;58.50;7.21;;;;
mai-76;101.00;4.14;10.02;59.10;7.39;;;;
juin-76;100.60;4.19;10.08;59.50;7.46;;;;
juil-76;99.05;4.25;10.19;60.00;7.37;;;;
août-76;98.76;4.30;10.31;60.30;7.46;;;;
sept-76;99.29;4.36;10.42;60.70;7.28;;;;
oct-76;100.20;4.41;10.52;61.00;7.33;;;;
nov-76;97.75;4.45;10.61;61.20;7.40;;;;
déc-76;96.23;4.50;10.71;61.40;7.34;;;;
janv-77;93.74;4.56;10.77;61.60;7.52;;;;
févr-77;94.28;4.61;10.83;61.90;7.58;;;;
mars-77;93.82;4.67;10.89;62.10;7.69;;;;
avr-77;90.25;4.71;10.90;62.50;7.96;;;;
mai-77;88.98;4.76;10.91;62.90;8.03;;;;
juin-77;88.82;4.80;10.92;63.40;8.04;;;;
juil-77;92.71;4.84;11.02;63.90;8.15;;;;
août-77;97.41;4.87;11.13;64.50;8.35;;;;
sept-77;97.66;4.91;11.23;65.20;8.46;;;;
oct-77;97.19;4.95;11.34;65.70;8.64;;;;
nov-77;103.90;4.98;11.46;66.00;8.41;;;;
déc-77;103.90;5.02;11.57;66.50;8.42;;;;
janv-78;100.60;5.04;11.82;67.10;8.64;;;;
févr-78;94.71;5.05;12.08;67.40;8.81;;;;
mars-78;96.11;5.07;12.33;67.70;9.01;;;;
avr-78;99.71;5.11;12.65;68.30;9.10;;;;
mai-78;98.23;5.16;12.98;69.10;9.10;;;;
juin-78;100.10;5.20;13.30;69.80;9.12;;;;
juil-78;102.10;5.25;13.53;70.60;9.18;;;;
août-78;99.73;5.29;13.75;71.50;9.25;;;;
sept-78;101.70;5.34;13.98;72.30;8.91;;;;
oct-78;102.70;5.40;14.20;73.10;8.95;;;;
nov-78;107.40;5.45;14.41;73.80;9.03;;;;
déc-78;108.60;5.51;14.63;74.60;9.33;;;;
janv-79;104.50;5.56;14.71;75.20;10.30;;;;
févr-79;103.70;5.60;14.78;75.90;10.65;;;;
mars-79;107.80;5.65;14.86;76.70;10.39;;;;
avr-79;110.90;5.70;15.00;77.80;10.80;;;;
mai-79;115.30;5.75;15.15;78.90;12.41;;;;
juin-79;104.70;5.80;15.29;80.10;12.75;;;;
juil-79;103.00;5.85;15.17;81.00;11.47;;;;
août-79;107.70;5.89;15.06;81.80;10.18;;;;
sept-79;114.60;5.94;14.94;82.70;9.78;;;;
oct-79;119.80;5.98;14.84;82.70;10.25;;;;
nov-79;123.50;6.03;14.74;83.30;11.10;;;;
déc-79;126.50;6.07;14.64;84.00;11.51;;;;
janv-80;130.20;6.10;14.70;84.80;11.75;;;;
févr-80;135.70;6.13;14.76;85.50;12.68;;;;
mars-80;133.50;6.16;14.82;86.30;12.84;;;;
avr-80;133.00;6.20;14.74;87.00;12.57;;;;
mai-80;128.40;6.24;14.66;87.90;13.19;;;;
juin-80;133.20;6.28;14.58;88.50;13.12;;;;
juil-80;134.40;6.32;14.72;89.10;13.68;;;;
août-80;131.70;6.35;14.87;89.80;14.10;;;;
sept-80;132.30;6.39;15.01;90.60;13.47;;;;
oct-80;129.10;6.43;15.10;91.60;14.28;;;;
nov-80;129.60;6.48;15.18;92.30;14.94;;;;
déc-80;118.30;6.52;15.27;93.20;15.32;;;;
janv-81;119.80;6.56;15.30;93.40;15.15;;;;
févr-81;122.90;6.59;15.33;93.70;13.39;;;;
mars-81;123.80;6.63;15.36;94.00;13.72;;;;
avr-81;117.30;6.66;15.18;94.30;14.59;;;;
mai-81;114.50;6.69;14.99;94.60;14.43;;;;
juin-81;110.80;6.72;14.81;94.50;13.86;;;;
juil-81;116.30;6.75;14.60;94.90;13.87;;;;
août-81;116.40;6.78;14.38;95.80;13.62;;;;
sept-81;109.70;6.81;14.17;97.00;14.30;;;;
oct-81;109.40;6.82;13.97;97.50;13.95;;;;
nov-81;109.70;6.84;13.76;97.70;13.06;;;;
déc-81;122.40;6.85;13.56;97.90;12.34;;;;
janv-82;132.70;6.86;13.25;98.20;10.91;;;;
févr-82;138.10;6.86;12.95;98.00;10.55;;;;
mars-82;139.40;6.87;12.64;97.60;10.54;;;;
avr-82;144.30;6.88;12.57;97.80;10.46;;;;
mai-82;146.80;6.90;12.49;97.90;10.72;;;;
juin-82;151.90;6.91;12.42;97.90;10.51;;;;
juil-82;157.70;6.92;12.48;98.60;10.40;;;;
août-82;164.10;6.93;12.53;99.20;10.38;;;;
sept-82;166.40;6.94;12.59;99.50;10.85;;;;
oct-82;167.00;6.96;12.83;99.90;11.38;;;;
nov-82;162.40;6.98;13.06;100.20;11.85;;;;
déc-82;167.20;7.00;13.30;100.70;11.65;;;;
janv-83;167.70;7.03;13.54;101.00;11.54;;;;
févr-83;165.20;7.06;13.79;101.20;11.69;;;;
mars-83;164.40;7.09;14.03;101.30;11.83;;;;
avr-83;166.40;7.12;14.44;101.90;11.67;;;;
mai-83;157.30;7.15;14.85;102.40;11.84;;;;
juin-83;157.40;7.18;15.26;102.60;12.32;;;;
juil-83;157.60;7.22;15.57;103.10;12.63;;;;
août-83;156.60;7.27;15.89;103.40;13.41;;;;
sept-83;153.10;7.31;16.20;103.70;13.56;;;;
oct-83;151.10;7.33;16.32;104.10;13.36;;;;
nov-83;164.40;7.36;16.44;104.50;12.72;;;;
déc-83;166.10;7.38;16.56;105.00;12.52;;;;
janv-84;164.80;7.43;16.59;105.30;12.16;;;;
févr-84;166.30;7.48;16.61;105.30;11.57;;;;
mars-84;164.50;7.53;16.64;105.30;11.50;;;;
avr-84;171.60;7.57;16.56;105.50;11.38;;;;
mai-84;180.90;7.62;16.47;106.00;11.51;;;;
juin-84;179.40;7.66;16.39;106.40;11.86;;;;
juil-84;180.60;7.69;16.13;106.90;11.43;;;;
août-84;184.90;7.71;15.87;107.30;10.85;;;;
sept-84;188.90;7.74;15.61;107.60;10.16;;;;
oct-84;192.50;7.77;15.48;107.80;10.31;;;;
nov-84;188.30;7.81;15.36;108.00;10.33;;;;
déc-84;184.10;7.84;15.23;108.30;10.37;;;;
janv-85;186.20;7.86;15.02;108.70;10.24;;;;
févr-85;197.50;7.88;14.82;109.00;9.78;;;;
mars-85;207.30;7.90;14.61;109.30;9.26;;;;
avr-85;208.20;7.94;14.58;109.60;9.19;;;;
mai-85;219.40;7.98;14.55;109.30;8.70;;;;
juin-85;232.30;8.02;14.52;108.80;7.78;;;;
juil-85;238.00;8.05;14.58;108.60;7.30;;;;
août-85;238.50;8.07;14.65;108.90;7.71;;;;
sept-85;245.30;8.10;14.71;109.50;7.80;;;;
oct-85;240.20;8.14;14.76;109.50;7.30;;;;
nov-85;245.00;8.19;14.80;109.70;7.17;;;;
déc-85;238.30;8.23;14.85;110.20;7.45;;;;
janv-86;237.40;8.25;14.73;110.30;7.43;;;;
févr-86;245.10;8.26;14.60;110.40;7.25;;;;
mars-86;248.60;8.28;14.48;110.50;7.11;;;;
avr-86;264.50;8.30;14.69;111.20;7.08;;;;
mai-86;280.90;8.32;14.89;111.60;7.25;;;;
juin-86;292.50;8.34;15.10;112.10;7.25;;;;
juil-86;289.30;8.40;14.87;112.70;8.02;;;;
août-86;289.10;8.46;14.65;113.10;8.61;;;;
sept-86;301.40;8.52;14.42;113.50;8.40;;;;
oct-86;310.10;8.57;14.90;113.80;8.45;;;;
nov-86;329.40;8.61;15.38;114.40;8.76;;;;
déc-86;318.70;8.66;15.86;115.00;9.42;;;;
janv-87;280.20;8.71;16.41;115.30;9.52;;;;
févr-87;245.00;8.76;16.95;115.40;8.86;;;;
mars-87;241.00;8.81;17.50;115.40;8.99;;;;
avr-87;250.50;8.86;17.86;115.70;8.67;;;;
mai-87;258.10;8.90;18.23;116.00;8.21;;;;
juin-87;265.70;8.95;18.59;116.50;8.37;;;;
juil-87;262.60;9.04;19.62;117.10;8.72;;;;
août-87;256.10;9.14;20.64;117.50;9.09;;;;
sept-87;270.70;9.23;21.67;118.00;8.92;;;;
oct-87;269.10;9.31;22.02;118.50;9.06;;;;
nov-87;263.70;9.38;22.38;119.00;9.26;;;;
déc-87;268.00;9.46;22.73;119.80;8.98;;;;
janv-88;277.40;9.55;23.07;120.20;8.80;;;;
févr-88;271.00;9.64;23.42;120.30;8.96;;;;
mars-88;276.50;9.75;23.75;120.50;9.11;;;;
avr-88;285.40;9.81;24.16;121.10;9.09;;;;
mai-88;294.00;9.90;24.56;121.60;9.17;;;;
juin-88;292.70;10.01;24.96;122.30;9.36;;;;
juil-88;302.30;10.09;25.05;123.10;9.18;;;;
août-88;313.90;10.19;25.13;123.80;8.86;;;;
sept-88;323.70;10.37;25.22;124.10;8.28;;;;
oct-88;331.90;10.42;24.71;124.40;8.02;;;;
nov-88;346.60;10.55;24.20;124.60;8.11;;;;
déc-88;347.30;10.73;23.69;125.00;8.19;;;;
janv-89;347.40;10.80;23.43;125.60;8.01;;;;
févr-89;340.20;10.92;23.16;125.90;7.87;;;;
mars-89;348.60;11.06;22.87;126.10;7.84;;;;
avr-89;339.97;11.14;22.49;127.40;8.21;;;;
mai-89;330.45;11.23;22.08;128.00;8.47;;;;
juin-89;338.46;11.32;21.67;128.70;8.59;;;;
juil-89;338.18;11.44;21.53;128.90;8.79;;;;
août-89;350.25;11.55;21.40;129.20;8.76;;;;
sept-89;360.39;11.66;21.26;129.90;8.48;;;;
oct-89;360.03;11.73;21.42;130.40;8.47;;;;
nov-89;330.75;11.78;21.58;131.60;8.75;;;;
déc-89;315.41;11.83;21.74;132.70;8.89;;;;
janv-90;307.12;11.93;21.61;133.50;8.72;;;;
févr-90;315.29;12.01;21.47;133.80;8.39;;;;
mars-90;328.75;12.09;21.34;133.80;8.08;;;;
avr-90;325.49;12.11;21.18;134.60;8.09;;;;
mai-90;362.26;12.11;21.03;134.80;7.85;;;;
juin-90;372.28;12.11;20.94;135.00;8.11;;;;
juil-90;379.68;12.13;20.36;135.20;8.04;;;;
août-90;377.99;12.14;19.86;135.60;8.07;;;;
sept-90;378.29;12.15;19.41;136.00;8.28;;;;
oct-90;380.23;12.19;18.84;136.20;8.27;;;;
nov-90;389.40;12.24;18.33;136.60;7.90;;;;
déc-90;387.20;12.28;17.82;137.20;7.65;;;;
janv-91;386.88;12.25;17.20;137.40;7.53;;;;
févr-91;385.92;12.23;16.59;137.80;7.42;;;;
mars-91;388.51;12.20;15.97;137.90;7.09;;;;
avr-91;416.08;12.24;16.05;138.10;7.03;;;;
mai-91;412.56;12.28;16.12;138.60;7.34;;;;
juin-91;407.36;12.32;16.19;139.30;7.54;;;;
juil-91;407.41;12.32;16.48;139.50;7.48;;;;
août-91;414.81;12.32;16.77;139.70;7.39;;;;
sept-91;408.27;12.32;17.05;140.20;7.26;;;;
oct-91;415.05;12.34;17.38;140.50;6.84;;;;
nov-91;417.93;12.37;17.71;140.90;6.59;;;;
déc-91;418.48;12.40;18.04;141.30;6.42;;;;
janv-92;412.50;12.39;18.39;141.80;6.59;;;;
févr-92;422.84;12.38;18.74;142.00;6.87;;;;
mars-92;435.64;12.39;19.09;141.90;6.77;;;;
avr-92;435.23;12.41;19.34;142.60;6.60;;;;
mai-92;441.70;12.45;19.59;143.10;6.26;;;;
juin-92;450.16;12.48;19.84;143.60;5.98;;;;
juil-92;443.08;12.49;19.67;144.00;5.97;;;;
août-92;445.25;12.51;19.50;144.20;6.04;;;;
sept-92;448.06;12.52;19.33;144.40;5.96;;;;
oct-92;447.29;12.52;19.69;144.40;5.81;;;;
nov-92;454.13;12.52;20.05;144.80;5.68;;;;
déc-92;459.24;12.52;20.41;145.10;5.36;;;;
janv-93;463.90;12.54;20.90;145.70;5.33;;;;
févr-93;462.89;12.56;21.39;145.80;5.72;;;;
mars-93;465.95;12.58;21.89;145.80;5.77;;;;
avr-93;472.99;12.62;22.16;146.20;5.75;;;;
mai-93;471.58;12.67;22.43;146.70;5.97;;;;
juin-93;463.81;12.71;22.71;147.20;6.48;;;;
juil-93;447.23;12.75;23.54;147.40;6.97;;;;
août-93;450.90;12.80;24.37;147.50;7.18;;;;
sept-93;454.83;12.84;25.20;148.00;7.10;;;;
oct-93;451.40;12.87;25.91;148.40;7.30;;;;
nov-93;464.24;12.90;26.62;149.00;7.24;;;;
déc-93;466.96;12.92;27.33;149.40;7.46;;;;
janv-94;463.81;13.01;28.42;149.50;7.74;;;;
févr-94;461.01;13.10;29.51;149.70;7.96;;;;
mars-94;455.19;13.17;30.60;149.70;7.81;;;;
avr-94;465.25;13.18;31.25;150.30;7.78;;;;
mai-94;481.92;13.18;31.90;150.90;7.47;;;;
juin-94;493.15;13.17;32.55;151.40;7.20;;;;
juil-94;507.91;13.24;33.18;151.90;7.06;;;;
août-94;523.81;13.31;33.80;152.20;6.63;;;;
sept-94;539.35;13.36;34.43;152.50;6.17;;;;
oct-94;557.37;13.44;34.68;152.50;6.28;;;;
nov-94;559.11;13.51;34.93;152.90;6.49;;;;
déc-94;578.77;13.58;35.18;153.20;6.20;;;;
janv-95;582.92;13.65;34.77;153.70;6.04;;;;
févr-95;595.53;13.72;34.37;153.60;5.93;;;;
mars-95;614.57;13.79;33.96;153.50;5.71;;;;
avr-95;614.42;13.89;33.99;154.40;5.65;;;;
mai-95;649.54;14.00;34.01;154.90;5.81;;;;
juin-95;647.07;14.10;34.04;155.70;6.27;;;;
juil-95;647.17;14.16;34.33;156.30;6.51;;;;
août-95;661.23;14.21;34.62;156.60;6.74;;;;
sept-95;668.50;14.27;34.91;156.70;6.91;;;;
oct-95;644.07;14.40;35.27;157.00;6.87;;;;
nov-95;662.68;14.53;35.64;157.30;6.64;;;;
déc-95;674.88;14.66;36.00;157.80;6.83;;;;
janv-96;701.46;14.74;36.91;158.30;6.53;;;;
févr-96;735.67;14.82;37.82;158.60;6.20;;;;
mars-96;743.25;14.90;38.73;158.60;6.30;;;;
avr-96;766.22;14.95;39.23;159.10;6.58;;;;
mai-96;798.39;15.01;39.74;159.60;6.42;;;;
juin-96;792.16;15.06;40.24;160.00;6.69;;;;
juil-96;763.93;15.09;40.34;160.20;6.89;;;;
août-96;833.09;15.13;40.45;160.10;6.71;;;;
sept-96;876.29;15.16;40.55;160.30;6.49;;;;
oct-96;925.29;15.22;40.58;160.50;6.22;;;;
nov-96;927.24;15.27;40.61;160.80;6.30;;;;
déc-96;937.02;15.33;40.64;161.20;6.21;;;;
janv-97;951.16;15.39;40.33;161.60;6.03;;;;
févr-97;938.92;15.44;40.03;161.50;5.88;;;;
mars-97;962.37;15.50;39.72;161.30;5.81;;;;
avr-97;963.36;15.55;39.66;161.60;5.54;;;;
mai-97;1023.74;15.60;39.60;161.90;5.57;;;;
juin-97;1076.83;15.64;39.54;162.20;5.65;;;;
juil-97;1112.20;15.75;39.35;162.50;5.64;;;;
août-97;1108.42;15.85;39.16;162.80;5.65;;;;
sept-97;1108.39;15.95;38.97;163.00;5.50;;;;
oct-97;1156.58;16.02;38.68;163.20;5.46;;;;
nov-97;1074.62;16.08;38.38;163.40;5.34;;;;
déc-97;1020.64;16.14;38.09;163.60;4.81;;;;
janv-98;1032.47;16.17;37.96;164.00;4.53;;;;
févr-98;1144.43;16.18;37.84;164.00;4.83;;;;
mars-98;1190.05;16.20;37.71;163.90;4.65;;;;
avr-98;1248.77;16.28;37.93;164.30;4.72;;;;
mai-98;1246.58;16.37;38.16;164.50;5.00;;;;
juin-98;1281.66;16.45;38.38;165.00;5.23;;;;
juil-98;1334.76;16.45;39.26;166.20;5.18;;;;
août-98;1332.07;16.45;40.14;166.20;5.54;;;;
sept-98;1322.55;16.45;41.02;166.20;5.90;;;;
oct-98;1380.99;16.51;42.00;166.70;5.79;;;;
nov-98;1327.49;16.58;42.98;167.10;5.94;;;;
déc-98;1318.17;16.64;43.96;167.90;5.92;;;;
janv-99;1300.01;16.66;45.36;168.20;6.11;;;;
févr-99;1391.00;16.67;46.77;168.30;6.03;;;;
mars-99;1428.68;16.69;48.17;168.30;6.28;;;;
avr-99;1425.59;16.71;49.10;168.80;6.66;;;;
mai-99;1388.87;16.74;50.02;169.80;6.52;;;;
juin-99;1442.21;16.76;50.95;171.20;6.26;;;;
juil-99;1461.36;16.74;51.27;171.30;5.99;;;;
août-99;1418.48;16.72;51.60;171.50;6.44;;;;
sept-99;1461.96;16.70;51.92;172.40;6.10;;;;
oct-99;1473.00;16.58;52.51;172.80;6.05;;;;
nov-99;1485.46;16.47;53.11;172.80;5.83;;;;
déc-99;1468.05;16.35;53.70;173.70;5.80;;;;
janv-00;1390.14;16.32;52.47;174.00;5.74;;;;
févr-00;1378.04;16.30;51.23;174.10;5.72;;;;
mars-00;1330.93;16.27;50.00;174.00;5.24;;;;
avr-00;1335.63;16.17;48.48;175.10;5.16;;;;
mai-00;1305.75;16.07;46.96;175.80;5.10;;;;
juin-00;1185.85;15.97;45.44;176.20;4.89;;;;
juil-00;1189.84;15.88;42.56;176.90;5.14;;;;
août-00;1270.37;15.78;39.67;177.70;5.39;;;;
sept-00;1238.71;15.69;36.79;178.00;5.28;;;;
oct-00;1204.45;15.71;33.96;177.50;5.24;;;;
nov-00;1178.50;15.72;31.14;177.50;4.97;;;;
déc-00;1044.64;15.74;28.31;178.30;4.73;;;;
janv-01;1076.59;15.74;27.10;177.70;4.57;;;;
févr-01;1129.68;15.74;25.90;177.40;4.65;;;;
mars-01;1144.93;15.74;24.69;176.70;5.09;;;;
avr-01;1140.21;15.74;24.69;177.10;5.04;;;;
mai-01;1100.67;15.73;24.70;177.80;4.91;;;;
juin-01;1153.79;15.73;24.70;178.80;5.28;;;;
juil-01;1111.93;15.83;25.38;179.80;5.21;;;;
août-01;1079.25;15.94;26.06;179.80;5.16;;;;
sept-01;1014.02;16.04;26.74;179.90;4.93;;;;
oct-01;903.59;15.96;27.84;180.10;4.65;;;;
nov-01;912.55;15.88;28.94;180.70;4.26;;;;
déc-01;867.81;15.80;30.04;181.00;3.87;;;;
janv-02;854.63;15.89;29.22;181.30;3.94;;;;
févr-02;909.93;15.98;28.41;181.30;4.05;;;;
mars-02;899.18;16.07;27.59;180.90;4.03;;;;
avr-02;895.84;16.12;28.50;181.70;4.05;;;;
mai-02;837.03;16.17;29.41;183.10;3.90;;;;
juin-02;846.63;16.22;30.32;184.20;3.81;;;;
juil-02;890.03;16.20;31.73;183.80;3.96;;;;
août-02;935.96;16.19;33.14;183.50;3.57;;;;
sept-02;988.00;16.17;34.55;183.70;3.33;;;;
oct-02;992.54;16.31;35.89;183.90;3.98;;;;
nov-02;989.53;16.45;37.24;184.60;4.45;;;;
déc-02;1019.44;16.59;38.58;185.20;4.27;;;;
janv-03;1038.73;16.86;41.97;185.00;4.29;;;;
févr-03;1049.90;17.12;45.35;184.50;4.30;;;;
mars-03;1080.64;17.39;48.74;184.30;4.27;;;;
avr-03;1132.52;17.60;49.83;185.20;4.15;;;;
mai-03;1143.36;17.81;50.91;186.20;4.08;;;;
juin-03;1123.98;18.02;52.00;187.40;3.83;;;;
juil-03;1133.36;18.21;53.38;188.00;4.35;;;;
août-03;1102.78;18.41;54.77;189.10;4.72;;;;
sept-03;1132.76;18.60;56.15;189.70;4.73;;;;
oct-03;1105.85;18.79;56.69;189.40;4.50;;;;
nov-03;1088.94;18.97;57.23;189.50;4.28;;;;
déc-03;1117.66;19.16;57.77;189.90;4.13;;;;
janv-04;1117.21;19.25;58.03;190.90;4.10;;;;
févr-04;1168.94;19.35;58.29;191.00;4.19;;;;
mars-04;1199.21;19.44;58.55;190.30;4.23;;;;
avr-04;1181.41;19.70;59.11;190.70;4.22;;;;
mai-04;1199.63;19.97;59.66;191.80;4.17;;;;
juin-04;1194.90;20.23;60.22;193.30;4.50;;;;
juil-04;1164.43;20.46;61.23;194.60;4.34;;;;
août-04;1178.28;20.70;62.25;194.40;4.14;;;;
sept-04;1202.25;20.93;63.26;194.50;4.00;;;;
oct-04;1222.24;21.11;64.33;195.40;4.18;;;;
nov-04;1224.27;21.29;65.40;196.40;4.26;;;;
déc-04;1225.92;21.47;66.47;198.80;4.20;;;;
janv-05;1191.96;21.72;67.59;199.20;4.46;;;;
févr-05;1237.37;21.97;68.71;197.60;4.54;;;;
mars-05;1262.07;22.22;69.83;196.80;4.47;;;;
avr-05;1278.73;22.41;70.78;198.30;4.42;;;;
mai-05;1276.65;22.59;71.72;198.70;4.57;;;;
juin-05;1293.74;22.78;72.67;199.80;4.72;;;;
juil-05;1302.17;23.00;73.28;201.50;4.99;;;;
août-05;1290.01;23.22;73.88;202.50;5.11;;;;
sept-05;1253.17;23.44;74.49;202.90;5.11;;;;
oct-05;1260.24;23.66;75.85;203.50;5.09;;;;
nov-05;1287.15;23.88;77.21;203.90;4.88;;;;
déc-05;1317.74;24.10;78.57;202.90;4.72;;;;
janv-06;1363.38;24.36;79.55;201.80;4.73;;;;
févr-06;1388.64;24.62;80.53;201.50;4.60;;;;
mars-06;1416.42;24.88;81.51;201.80;4.56;;;;
avr-06;1424.16;25.08;82.06;202.42;4.76;;;;
mai-06;1444.80;25.29;82.60;203.50;4.72;;;;
juin-06;1406.95;25.49;83.15;205.35;4.56;;;;
juil-06;1463.64;25.72;83.74;206.69;4.69;;;;
août-06;1511.14;25.94;84.33;207.95;4.75;;;;
sept-06;1514.19;26.17;84.92;208.35;5.10;;;;
oct-06;1520.71;26.44;82.81;208.30;5.00;;;;
nov-06;1454.62;26.71;80.71;207.92;4.67;;;;
déc-06;1497.12;26.98;78.60;208.49;4.52;;;;
janv-07;1539.66;27.23;74.46;208.94;4.53;;;;
févr-07;1463.39;27.48;70.32;210.18;4.15;;;;
mars-07;1479.22;27.73;66.18;210.04;4.10;;;;
avr-07;1378.76;27.92;64.25;211.08;3.74;;;;
mai-07;1354.87;28.11;62.32;211.69;3.74;;;;
juin-07;1316.94;28.30;60.39;213.53;3.51;;;;
juil-07;1370.47;28.44;57.38;214.82;3.68;;;;
août-07;1403.22;28.57;54.38;216.63;3.88;;;;
sept-07;1341.25;28.71;51.37;218.82;4.10;;;;
oct-07;1257.33;28.76;49.56;219.96;4.01;;;;
nov-07;1281.47;28.80;47.76;219.09;3.89;;;;
déc-07;1216.95;28.85;45.95;218.78;3.69;;;;
janv-08;968.80;28.70;35.59;216.57;3.81;;;;
févr-08;883.04;28.54;25.24;212.43;3.53;;;;
mars-08;877.56;28.39;14.88;210.23;2.42;;;;
avr-08;865.58;28.01;12.21;211.14;2.52;;;;
mai-08;805.23;27.64;9.53;212.19;2.87;;;;
juin-08;757.13;27.26;6.86;212.71;2.82;;;;
juil-08;848.15;26.70;7.08;213.24;2.93;;;;
août-08;902.41;26.15;7.29;213.86;3.29;;;;
sept-08;926.12;25.59;7.51;215.69;3.72;;;;
oct-08;935.82;25.03;9.19;215.35;3.56;;;;
nov-08;1009.73;24.46;10.86;215.83;3.59;;;;
déc-08;1044.55;23.90;12.54;215.97;3.40;;;;
janv-09;1067.66;23.40;25.35;216.18;3.39;;;;
févr-09;1088.07;22.91;38.16;216.33;3.40;;;;
mars-09;1110.38;22.41;50.97;215.95;3.59;;;;
avr-09;1123.58;22.24;54.29;216.69;3.73;;;;
mai-09;1089.16;22.07;57.61;216.74;3.69;;;;
juin-09;1152.05;21.90;60.93;217.63;3.73;;;;
juil-09;1197.32;21.95;62.99;218.01;3.85;;;;
août-09;1125.06;21.99;65.04;218.18;3.42;;;;
sept-09;1083.36;22.04;67.10;217.97;3.20;;;;
oct-09;1079.80;22.14;68.69;218.01;3.01;;;;
nov-09;1087.28;22.25;70.27;218.31;2.70;;;;
déc-09;1122.08;22.35;71.86;218.44;2.65;;;;
janv-10;1171.58;22.48;73.69;218.71;2.54;;;;
févr-10;1198.89;22.60;75.52;218.80;2.76;;;;
mars-10;1241.53;22.73;77.35;219.18;3.29;;;;
avr-10;1282.62;22.96;78.67;220.22;3.39;;;;
mai-10;1321.12;23.20;79.99;221.31;3.58;;;;
juin-10;1304.49;23.43;81.31;223.47;3.41;;;;
juil-10;1331.51;23.73;82.16;224.91;3.46;;;;
août-10;1338.31;24.04;83.02;225.96;3.17;;;;
sept-10;1287.29;24.34;83.87;225.72;3.00;;;;
oct-10;1325.19;24.62;84.91;225.92;3.00;;;;
nov-10;1185.31;24.90;85.94;226.55;2.30;;;;
déc-10;1173.88;25.18;86.98;226.89;1.98;;;;
janv-11;1207.22;25.60;86.97;226.42;2.15;;;;
févr-11;1226.42;26.01;86.96;226.23;2.01;;;;
mars-11;1243.32;26.43;86.95;225.67;1.98;;;;
avr-11;1300.58;26.74;87.48;226.67;1.97;;;;
mai-11;1352.49;27.04;88.01;227.66;1.97;;;;
juin-11;1389.24;27.35;88.54;229.39;2.17;;;;
juil-11;1386.43;27.67;88.33;230.09;2.05;;;;
août-11;1341.27;28.00;88.13;229.82;1.80;;;;
sept-11;1323.48;28.32;87.92;229.48;1.62;;;;
oct-11;1359.78;28.74;87.45;229.10;1.53;;;;
nov-11;1403.45;29.17;86.97;230.38;1.68;;;;
déc-11;1443.42;29.59;86.50;231.41;1.72;;;;
janv-12;1437.82;30.14;86.50;231.32;1.75;;;;
févr-12;1394.51;30.70;86.51;230.22;1.65;;;;
mars-12;1422.29;31.25;86.51;229.60;1.72;;;;
avr-12;1480.40;31.54;86.91;230.28;1.91;;;;
mai-12;1512.31;31.82;87.30;232.17;1.98;;;;
juin-12;1550.83;32.11;87.70;232.77;1.96;;;;
juil-12;1570.70;32.50;88.78;232.53;1.76;;;;
août-12;1639.84;32.88;89.87;232.95;1.93;;;;
sept-12;1618.77;33.27;90.95;233.50;2.30;;;;
oct-12;1668.68;33.65;92.09;233.60;2.58;;;;
nov-12;1670.09;34.02;93.23;233.88;2.74;;;;
déc-12;1687.17;34.40;94.37;234.15;2.81;;;;
janv-13;1720.03;34.60;96.31;233.55;2.62;;;;
févr-13;1783.54;34.79;98.26;233.07;2.72;;;;
mars-13;1807.78;34.99;100.20;233.05;2.90;;;;
avr-13;1822.36;35.40;100.42;233.92;2.86;;;;
mai-13;1817.04;35.82;100.63;234.78;2.71;;;;
juin-13;1863.52;36.23;100.85;236.29;2.72;;;;
juil-13;1864.26;36.61;101.61;237.07;2.71;;;;
août-13;1889.77;37.00;102.36;237.90;2.56;;;;
sept-13;1947.09;37.38;103.12;238.34;2.60;;;;
oct-13;1973.10;37.75;104.07;238.25;2.54;;;;
nov-13;1961.53;38.12;105.01;237.85;2.42;;;;
déc-13;1993.23;38.49;105.96;238.03;2.53;;;;
janv-14;1937.27;38.81;104.74;237.43;2.30;;;;
févr-14;2044.57;39.12;103.53;236.15;2.33;;;;
mars-14;2054.27;39.44;102.31;234.81;2.21;;;;
avr-14;2028.18;39.90;101.29;233.71;1.88;;;;
mai-14;2082.20;40.35;100.27;234.72;1.98;;;;
juin-14;2079.99;40.81;99.25;236.12;2.04;;;;
juil-14;2094.86;41.12;97.80;236.60;1.94;;;;
août-14;2111.94;41.43;96.36;237.81;2.20;;;;
sept-14;2099.29;41.74;94.91;238.64;2.36;;;;
oct-14;2094.14;42.00;93.49;238.65;2.32;;;;
nov-14;2039.87;42.25;92.08;238.32;2.17;;;;
déc-14;1944.41;42.51;90.66;237.95;2.17;;;;
janv-15;2024.81;42.80;89.28;237.84;2.07;;;;
févr-15;2080.62;43.10;87.91;237.34;2.26;;;;
mars-15;2054.08;43.39;86.53;236.53;2.24;;;;
avr-15;1918.60;43.55;86.50;236.92;2.09;;;;
mai-15;1904.42;43.72;86.47;237.11;1.78;;;;
juin-15;2021.95;43.88;86.44;238.13;1.89;;;;
juil-15;2075.54;44.07;86.60;239.26;1.81;;;;
août-15;2065.55;44.27;86.76;240.23;1.81;;;;
sept-15;2083.89;44.46;86.92;241.02;1.64;;;;
oct-15;2148.90;44.65;87.64;240.63;1.50;;;;
nov-15;2170.95;44.84;88.37;240.85;1.56;;;;
déc-15;2157.69;45.03;89.09;241.43;1.63;;;;
janv-16;2143.02;45.25;90.91;241.73;1.76;;;;
févr-16;2164.99;45.48;92.73;241.35;2.14;;;;
mars-16;2246.63;45.70;94.55;241.43;2.49;;;;
avr-16;2275.12;45.93;96.46;242.84;2.43;;;;
mai-16;2329.91;46.15;98.38;243.60;2.42;;;;
juin-16;2366.82;46.38;100.29;243.80;2.48;;;;
juil-16;2359.31;46.66;101.53;244.52;2.30;;;;
août-16;2395.35;46.94;102.78;244.73;2.30;;;;
sept-16;2433.99;47.22;104.02;244.96;2.19;;;;
oct-16;2454.10;47.54;105.04;244.79;2.32;;;;
nov-16;2456.22;47.85;106.06;245.52;2.21;;;;
déc-16;2492.84;48.17;107.08;246.82;2.20;;;;
janv-17;2557.00;48.42;108.01;246.66;2.36;;;;
févr-17;2593.61;48.68;108.95;246.67;2.35;;;;
mars-17;2664.34;48.93;109.88;246.52;2.40;;;;
avr-17;2789.80;49.29;111.73;247.87;2.58;;;;
mai-17;2705.16;49.64;113.59;248.99;2.86;;;;
juin-17;2702.77;50.00;115.44;249.55;2.84;;;;
juil-17;2653.63;50.33;117.79;250.55;2.87;;;;
août-17;2701.49;50.66;120.13;251.59;2.98;;;;
sept-17;2754.35;50.99;122.48;251.99;2.91;;;;
oct-17;2793.64;51.44;125.12;252.01;2.89;;;;
nov-17;2857.82;51.89;127.75;252.15;2.89;;;;
déc-17;2901.50;52.34;130.39;252.44;3.00;;;;
janv-18;2785.46;52.81;131.06;252.89;3.15;;;;
févr-18;2723.23;53.28;131.72;252.04;3.12;;;;
mars-18;2567.31;53.75;132.39;251.23;2.83;;;;
avr-18;2607.39;54.15;133.06;251.71;2.71;;;;
mai-18;2754.86;54.54;133.72;252.78;2.68;;;;
juin-18;2803.98;54.94;134.39;254.20;2.57;;;;
juil-18;2903.80;55.32;134.68;255.55;2.53;;;;
août-18;2854.71;55.70;134.98;256.09;2.40;;;;
sept-18;2890.17;56.08;135.27;256.14;2.06;;;;
oct-18;2996.11;56.46;134.48;256.57;1.63;;;;
nov-18;2897.50;56.84;133.69;256.56;1.63;;;;
déc-18;2982.16;57.22;132.90;256.76;1.70;;;;
janv-19;2977.68;57.56;135.41;257.35;1.71;;;;
févr-19;3104.90;57.90;137.91;257.21;1.81;;;;
mars-19;3176.75;58.24;140.42;256.97;1.86;;;;
;;;;;;;;;
;;;;;;;;;
;;;;;;;;;
